_id,bid,user_id,用户昵称,微博正文,头条文章url,发布位置,艾特用户,话题,转发数,评论数,点赞数,发布时间,发布工具,微博图片url,微博视频url,retweet_id
4754662181311371,LmW0O5v99,5391737200,独乐携众乐,#上海4日核酸采样工作顺利完成#上海到目前为止没有撸一人，我要为这些年因为疫情而撸下去的人鸣不平了对比一下，湖北f4何其的冤,,,,上海4日核酸采样工作顺利完成,0,0,10,2022-04-04 22:41,HarmonyOS设备,['https://wx3.sinaimg.cn/large/005STb9ely1h0y2ikvrbxj30c80c80sz.jpg'],,
4754655625610656,LmVQenxAs,5637065453,湖北新闻,【#多名返鄂人员故意逃避集中隔离将被追责#】近日，湖北省孝感市汉川市、云梦县，黄冈市团风县等地发生多人故意逃避疫情防控集中隔离事件，警方表示将依法追责。L湖北新闻的微博视频,,,,多名返鄂人员故意逃避集中隔离将被追责,1,0,1,2022-04-04 22:15,微博视频号,,,
4754655181538327,LmVPw6sbJ,5236442064,翠屏青年,#网事聚焦#网友：老太太种的菜太不容易了，好有爱心，希望疫情早日结束！（湖北广播电视台长江说法）#上海小伙薅光奶奶菜地送抗疫酒店#L翠屏青年的微博视频,,,,"网事聚焦,上海小伙薅光奶奶菜地送抗疫酒店",0,0,0,2022-04-04 22:13,微博视频号,,,
4754652723413684,LmVLyek3q,6310319188,Woody-k,湖北省考会不会跟20年疫情那年一样，事业单位考在公务员前面啊,,,,,0,0,0,2022-04-04 22:03,湖北省考超话,,,
4754650883164425,LmVIAdhd7,7465567343,安久久安Virgo,今天做核酸是湖北省妇幼保健院的医生，老乡来支援了，好感动呀希望上海疫情快快消退,,,,,0,0,0,2022-04-04 21:56,iPhone客户端,,,
4754640250081288,LmVrr0l96,6348624824,Maybelle__,一直提醒自己，不要在网络上参与，去实际地帮助生活中真实存在的人：身边的家人，小区的工作人员，弹尽粮绝的邻居。即使看到多离谱的事。2019年年末我在湖北，完整地经历过那一轮疫情的开始到结束。我当时想，不会再有这样的冬天了吧。没想到还有个这样的春天。一边是手机上看到大家在炸带鱼吃咸肉，一边是我真实生活里实在没有买到食物今天还在小区群里向大家求助如何抢菜的邻居，对我支援的两包速食面一直感到抱歉，说：“大家都不容易，你们也需要食物。”我有点割裂了。（我们小区有确诊，估计还要封一段时间）如果真实生活中身边还有人饿肚子，那我也无法安心享用自己充足的食物，做好准备随时和大家共享。可能因为近距离经历过，我对疫情有一点敏感，后来有小早就更敏感了。我不寄希望于能有完善有效的动物管理方案（能有的话当然更好），我们也不喜欢给别人添麻烦，在早早这件事上没有可靠的“后路”，所以必须小心地管好自己。三月初我本该去医院复查，之前体检查出身体不止一个问题，要喝的每种药都要经过复查的数据，再继续决定用药和用量。我已经网上挂好号，但前一晚刷到有疫情了，虽然去的医院没有封，我也立即取消挂号。后来很快那所医院就被封了，所以我很庆幸自己的决定。小张也开始居家办公，我就开始囤菜了。很快也把一天三餐改成一天两餐了。所以吃了几周还是有一些余粮。即使小区让出门买菜的时候，也小心地不出门。而且家里常年有各种面粉，我能自产一堆面包馒头烙饼，不可能饿着。但这种时候独善其身太难，离我很近的很多人留下了不可能弥补的伤痛。只希望每一个独立的善意的个体，不要再被伤害了。我还是相信有很多人在拼命努力了，善意一定大于恶意。可以的话一定尽可能清醒理智地保护好自己和爱的,,,,,2,51,214,2022-04-04 21:13,,,,
4754638940672956,LmVpk2P48,2045498204,一个修皮匠,#15省38000多名医务人员驰援上海#2019年，武汉疫情刚刚暴发时，很多人说湖北、武汉的反应过慢，封城过晚。我个人还是很理解武汉的，毕竟对一个新型病毒，大家了解没有那么透彻，也不知道如何应对。而封城，相对来说是一件大事，并不是武汉市政府或湖北省政府可以决定的。相对来说，武汉的反应还是得及时的，万事疫情也很快控制住。当时就想，如果当时疫情首发是上海，不是武汉，上海作为世界大都市，上海的人口密度更大，流口性更大，封城会更容易吗？现在是真正考验上海的时候了，需要更多医护人员的投入。现在的新变异病毒传播速度比之前更快，变异速度更快，死亡率会更低点。希望上海早日控制疫情。上海，去过很多次，没有好好玩过，但是总体上给我的印象不错。上海，加,,,,15省38000多名医务人员驰援上海,1,2,2,2022-04-04 21:08,,,,
4754638182815466,LmVo6bOqK,2000016880,楚天交通广播,#湖北疫情防控#【#鄂州发现1例外省输入无症状感染者#】2022年4月3日19时，鄂州市120急救中心接到1名在高速服务区停留者主动报告自述核酸检测结果疑似阳性。接到信息后，鄂州市迅速启动应急响应机制，经闭环处置复核，结果为阳性。该感染者已于4月4日凌晨2时30分闭环转运至定点医院集中隔离医学观察。目前，该感染者无咳嗽、发热等其它不适症状。1名密接人员在武汉高速公路出口拦截并闭环送至集中隔离点，密接人员及环境核酸检测结果均为阴性。对其他人员流调溯源已函告相关地方排查管控。根据流调显示，该感染者系4月2日14时在外省核酸采样后，与另一同事驾驶货车来鄂。4月2日晚在安徽省南陵服务区车上食宿。4月3日14时20分左右，因接公司告知其核酸检测结果疑似阳性，该感染者随即就近在我市高速公路沙窝乡黄龙服务区下车，在服务区内空旷地带独自等待核酸复核结果，19时左右就近向鄂州市120急救中心报告。20时30分左右，鄂州市防指将该感染者闭环转运至鄂州市定点医疗机构进行核酸采样复检，结果出来后即闭环转运至湖北省定点医疗机构集中隔离医学观察。该感染者在鄂州市无密接和次密接人员。请与其行程有交集者，立即向所在社区（村）报备。请广大市民继续增强防范意识，不要前往中高风险地区，做好个人防护，坚持佩戴口罩、保持社交距离、注意个人卫生，不信谣，不传谣。如出现发热、咳嗽、咽喉痛等症状，在做好个人防护前提下，及时就近前往医疗机构发热门诊就,,,,"湖北疫情防控,鄂州发现1例外省输入无症状感染者",0,0,1,2022-04-04 21:05,微博 weibo.com,['https://wx3.sinaimg.cn/large/002blRKMgy1h0xzr1f3faj60go0goabh02.jpg'],,
4754635703979271,LmVk6gHbN,2790685082,湖北省政府门户网站,#上海加油鄂来守沪#【#湖北医疗队援沪首日共完成39.9万份核酸采样#】接上海市疫情防控指挥部的安排，4月4日，湖北援沪医疗队将39家医疗机构共计740名医护人员分为两个组，分别进入闵行区浦江镇、长宁区新泾镇为社区居民开展新冠核酸采样工作。#上海核酸#在辖区卫健部门的配合、当地基层社区的支持下，共计完成39.9万名居民的采样工作，其中浦江镇采样25.7万人，新泾镇采样14.2万人。（来源：湖北日,,,,"上海加油鄂来守沪,湖北医疗队援沪首日共完成39.9万份核酸采样,上海核酸",2,0,7,2022-04-04 20:55,微博 weibo.com,['https://wx2.sinaimg.cn/large/0032RqFIly1h0xyznh10oj60j61040y202.jpg'],,
4754634789357506,LmViCDgjw,2117880415,找不着北的小楠,等疫情结束了我得去一趟【罗爷爷的动物园】坐标：湖北恩施,,,,,0,0,0,2022-04-04 20:52,找不着北的iPhone 13 Pro,,,
4754626799211499,LmV5JCEkz,2827102952,湖北日报,#上海加油鄂来守沪#【#湖北医疗队援沪首日共完成39.9万份核酸采样#】接上海市疫情防控指挥部的安排，4月4日，我省援沪医疗队将39家医疗机构共计740名医护人员分为两个组，分别进入闵行区浦江镇、长宁区新泾镇为社区居民开展新冠核酸采样工作。#上海核酸#在辖区卫健部门的配合、当地基层社区的支持下，共计完成39.9万名居民的采样工作，其中浦江镇采样25.7万人，新泾镇采样14.2万人。（湖北日报全媒记者龙华、通讯员孙,,,,"上海加油鄂来守沪,湖北医疗队援沪首日共完成39.9万份核酸采样,上海核酸",2,7,27,2022-04-04 20:20,新版微博 weibo.com,['https://wx3.sinaimg.cn/large/0035keCIgy1h0xyecwbchj60u01kj48502.jpg'],,
4754625943312220,LmV4mdTEU,1821000297,粉笔仓颉,2020年年初的时候，武汉疫情爆发，武汉本地乃至湖北省内的人多数都在骂湖北省和武汉市的领导压着不报害了全国，现在上海防疫出了大问题，网友骂上海，怎么就一堆上海人来杠？,,,,,0,6,1,2022-04-04 20:17,小米8 SE,,,
4754623904353192,LmV14igsM,1712462832,西峯,2020年某时间，中国疾控中心组织完成全国新冠肺炎血清流行病学调查和分析。此次调查旨在了解新冠肺炎不同流行水平地区普通人群新冠病毒感染情况，加深对新冠肺炎感染特征的科学认识，评估我国疫情防控效果。调查涵盖三类地区，包括武汉市、湖北武汉之外市州、以及湖北之外六个省份（北京、辽宁、上海、江苏、广东和四川），采用抽样调查设计选取社区人群3.4万余人，通过检测调查对象的血清新冠病毒抗体，估计人群中新冠病毒的感染水平。调查采用横断面调查方法，调查时点选取我国遏制第一波新冠肺炎疫情的一个月后开展。调查发现武汉地区的社区人群新冠抗体阳性率4.43%，湖北武汉外市州抗体阳性率0.44%，而湖北之外六省份的1.2万余人中仅检测到2例抗体阳性，阳性率极低。O网页,,,,,27,5,35,2022-04-04 20:08,微博 weibo.com,['https://wx3.sinaimg.cn/large/66121bf0gy1h0xy4fyvu7j213p0nxjyu.jpg'],,
4754622943858522,LmUZwgbMe,2639496420,写-行,#山西医疗队支援上海#插播一条山西人不必太委屈除青藏外疫情以来山西防控最给力、2020一挑三支援湖北、支援吉林、支援上海、南方电力受限保价支援煤炭，却少有外人知道，其实还有一个原因是山西本地的媒体不行，很多新闻热点是需要本地媒体发起并报送到上面的，山西的媒体还需加强能力，欢迎外地朋友去山西,,,,山西医疗队支援上海,4,17,279,2022-04-04 20:05,iPhone客户端,,,
4754622516822383,LmUYPsCOr,1578065757,猎庄客乐叔,期货股指#财经##股票##今日看盘#【湖北大冶新增1例无症状感染者】4月3日电，据湖北省大冶市疫情防控指挥部通报，2022年4月3日下午，大冶市在集中隔离点例行核酸检测时，发现一例新冠肺炎无症状感染者,,,,"财经,股票,今日看盘",0,0,0,2022-04-04 20:03,期货股指超话,,,
4754621585951210,LmUXkoYbg,2759348142,武汉发布,#武汉聚焦#【多名返鄂人员故意逃避集中隔离警方表示将依法追责】近日，湖北省孝感市汉川市、云梦县，黄冈市团风县等地发生多人故意逃避疫情防控集中隔离事件，警方表示将依法追责。据汉川市公安局消息，3月30日22时30分，汉川市公安局接武汉警方通报，汉川籍由沪返鄂人员刘某（男，32岁，汉川新河镇人）在汉口火车站出站后，防疫人员对其查验行程码和车票信息，并按防疫相关规定准备送其去核酸检测并隔离，在前往转运车途中，刘某趁防疫人员不备逃走。经武汉警方调查，刘某已乘坐出租车回到汉川。接通报后，汉川市公安局高度重视，迅速组织相关单位会同属地派出所开展查找工作，于31日凌晨1时30分许将刘某找到，并立即联系卫生防疫部门将其送至隔离点。经核酸检测结果为阴性，目前正在隔离观察。待其隔离期满后，汉川警方将依法依规对刘某违法行为从严从重处理。据云梦县公安局消息，3月31日，云梦县公安局城关派出所接县疫情防控指挥部指令：一名上海中高风险地区返云梦人员杨某（女，40岁，云梦下辛店人）故意逃避集中隔离，要求立即核查。接到指令后，云梦县公安局城关派出所迅速组织相关单位开展查找工作，于当晚20时许将杨某找到，并立即联系卫生防疫部门将其送至隔离点。经查，杨某从上海市松江区某乡镇返回云梦后未按规定向所在村（社区）主动报备，未遵守疫情防控要求及时进行集中隔离。社区防疫工作人员核实杨某行程轨迹，电话通知杨某需立即参加集中隔离，其拒不配合工作，故意谎报、瞒报行程轨迹。目前，杨某经核酸检测结果为阴性，正在隔离观察。待其隔离期满后，云梦公安将依法依规对杨某违法行为从严从重处理。据团风县公安局消息，4月2日8时30分许，4名人员在途经武英高速溢流河路段时，翻越围栏进入团风。获得情况后，团风警方会同疫情防控指挥部，迅速采取相应的应急处置措施，及时将4人查获。经调查，4月1日晚吴某某、陈某、熊某及陈某某等4名上海返团务工人员，乘私车从上海浦东区返团，在途经武英高速团风县但店镇溢流河路段时，为逃避隔离，翻越围栏进入团风辖区。目前，4人已被集中隔离，核酸检测结果均为阴性，等待他们的将是法律的严惩。（湖北日,,,,武汉聚焦,3,5,22,2022-04-04 19:59,,['https://wx1.sinaimg.cn/large/a4784faegy1h0xxuw4n03j20go0a2q3a.jpg'],,
4754621563929482,LmUXigueK,6461349990,多喝凉水k,湖北工程学院#疫情封校#学校能不能为毕业班考虑一下，本来疫情找工作就很难，一直封校不让学生出入，某群大妈们却能随意出入这操作我真的无语，大不了你让我走我再也不回来了还不行嘛！,,,,疫情封校,0,0,6,2022-04-04 19:59,湖北工程学院超话,,,
4754621082371499,LmUWw9WVZ,1806182737,Pat早睡了吗,作为湖北人，2年前的疫情所带来的痛苦是非常非常深的，那段时间我每天都被各种绝望所包裹，每天也在动用各种资源帮忙弄一些医疗物资想寄一些回去。巨大的社会性事件下，那种创伤感让人窒息。最近新的一波疫情，又让人有一些回到那时的感觉了，时间已经整整过去两年。,,,,,0,0,0,2022-04-04 19:57,接收信号iPhone客户端,,,
4754614387214190,LmULIugJU,5952944642,一个奶油罐子,#湖北省考#我真希望疫情快点结束，这考试也不必由冲刺变成马拉松🙏,,,,湖北省考,0,0,0,2022-04-04 19:31,Redmi K40,,,
4754611934594741,LmUHLjhiJ,7031350699,武汉微博健康,#英雄医护再出发#【鄂沪心相连再续战疫情湖北医疗队和核酸检测队1200余人驰援上海】同饮一江水，再续战疫情！4月3日，湖北援沪第一批1000余人方舱医疗队和200余人核酸检测队在武汉集结，由省卫生健康委带队分乘两趟专列从武汉站出发前往上海支援。#全国已有上万名医护人员驰援上海##武汉医疗队驰援上海#L新浪湖北健康频道的微博,,,,"英雄医护再出发,全国已有上万名医护人员驰援上海,武汉医疗队驰援上海",0,0,1,2022-04-04 19:21,微博视频号,,,
4754608653865343,LmUCtgdyf,3260703991,伊霜涵,#朱一龙分享家乡春意#朱一龙读的好听等疫情结束要去湖北感受诗中的风景朱一龙多念些@朱一龙@朱一龙@朱一龙LCCTV电视剧的微博视频,,,朱一龙,朱一龙分享家乡春意,0,0,0,2022-04-04 19:08,朱一龙超话,,,
4754606736805982,LmUznsyxU,7291250482,江川樱桃子-h,#湖北疫情#希望疫情快快过去，一切都好起来,,,,湖北疫情,0,0,1,2022-04-04 19:00,Dilraba Android,,,
4754605558730309,LmUxtAD9r,1969015411,梦中的诗巴丹,#朱一龙分享家乡春意#朱一龙是武汉娃，说到武汉的春天，现在回想起来真是敬佩当时封城的果断和团结自救。疫情后时代一直对武汉、对湖北有不一样的感情。原来从小喜欢的春眠不觉晓处处闻啼鸟，是描述湖北春天的情景，有花有鸟，美极了，听朱一龙念给我听#央视清明云诗会#LCCTV电视剧的微博视频,,,,"朱一龙分享家乡春意,央视清明云诗会",0,0,0,2022-04-04 18:56,微博视频号,,,
4754602937024671,LmUtfttr9,2159249065,好客美家,#凤凰新闻#【湖北：多名返鄂人员故意逃避集中隔离警方表示将依法追责】新华网武汉4月3日电近日，湖北省孝感市汉川市、云梦县，黄冈市团风县等地发生多人故意逃避疫情防控集中隔离事件，警方表示将依法追责。据汉川市公安局消息，3月30日2...O湖北：多名返鄂人员故意逃避集中隔离警方表示将依法追责来自@凤凰新闻客户端,,,凤凰新闻客户端,凤凰新闻,0,0,0,2022-04-04 18:45,iPhone客户端,['https://wx2.sinaimg.cn/large/80b386a9gy1h0xvpskpycj21hc0u0djy.jpg'],,
4754601993308306,LmUrJdSDM,1238740540,朱汉斌,#支援上海#【守“沪”有我！逸仙人支援上海核酸检测】4月3日，中山大学孙逸仙纪念医院接到上级指令，派出方伟祯、许英、潘昆贻3名检验科技术人员参加广东省支援上海核酸检测队，奔赴上海开展核酸检测工作。据悉，该院检验科副主任方伟祯带队，其曾于2020年春作为广东省首批支援湖北疫情防控医疗队队员支援武汉，拥有丰富的战疫经验。医院党委书记古小红、副院长姚和瑞及相关部门负责人到机场送行。在送行上，古小红代表医院对队员们以深沉的家国情怀，闻令而动、驰援上海表示崇高的敬意和诚挚感谢，并嘱咐队员们听从指挥、做好防护、平安回家。据悉，4月3日，广东省支援上海核酸检测队300名队员已出发抵沪，将支援上海开展核酸检测工作。粤沪同心，守沪有,,,,支援上海,0,0,1,2022-04-04 18:41,,"['https://wx3.sinaimg.cn/large/49d5ae3cgy1h0xvg6qexhj26dc48wb2d.jpg', 'https://wx4.sinaimg.cn/large/49d5ae3cgy1h0xvlqu9oej26dc48wb2c.jpg', 'https://wx4.sinaimg.cn/large/49d5ae3cgy1h0xvlttweaj22c0340e84.jpg', 'https://wx2.sinaimg.cn/large/49d5ae3cgy1h0xvlwc6n8j26dc48wnpg.jpg']",,
4754601913876839,LmUrBggxF,5060162789,邕宁发布,【广西玉林、山东日照、海南陵水、湖北武汉通报本土疫情，请相关来（返）邕人员主动报备】4月1-2日:广西玉林市容县发现1例新冠病毒核酸检测阳性人员;山东省日照市莒县通报2例本土确诊病例、2例无症状感染者；海南省陵水黎族自治县通报1例新冠肺炎确诊病例；湖北省武汉市通报2例无症状感染者。为切实落实我市“外防输入、内防反弹”工作方针，南宁市疾控中心紧急提醒：O广西玉林、山东日照、海南陵水、湖北武汉通报本土疫情，请相关来（返）邕人员主动,,,,,0,0,0,2022-04-04 18:41,360安全浏览器,,,
4754601092057694,LmUqh8DiC,7390468968,岁岁长见居,#朱一龙分享家乡春意#跟着朱一龙涨知识刚知道原来《春晓》是在湖北鹿门山作的听声音已经想去旅游了疫情退散欢欢喜喜去旅游,,,,朱一龙分享家乡春意,0,1,0,2022-04-04 18:38,vivo S10 Pro,,,
4754599983974474,LmUougFWq,1969791604,西安赵建强,#38000多名医务人员驰援上海#哎，可能很多人对38000名医务人员支援上海没啥概念，就这么说吧，武汉疫情最高峰攻坚的时候全国一种有42000名医务人员支援湖北全省，而那时候湖北和武汉是在打一场对病情未知的阻击战，而三年过去了，上海这个自诩中国第一的城市，硬生生把自己玩到这个地步，真是让人唏嘘,,,,38000多名医务人员驰援上海,0,5,4,2022-04-04 18:33,Android客户端,['https://wx4.sinaimg.cn/large/7568a274gy1h0xv9g8tnmj20u00td7a7.jpg'],,
4754598239932776,LmUlFFFY4,5992299561,LiLoioLiL,#朱一龙分享家乡春意#从2020后一直想着等疫情结束就去湖北看看，去尝尝碳水盛宴，这次上海疫情结束就不拖了，立刻去！,,,,朱一龙分享家乡春意,0,0,0,2022-04-04 18:26,,,,
4754597333175479,LmUkddk5p,2120489732,行摄香港,吴凡被免去上海卫健委副主任职务，其实这个是旧闻，吴副局座早在2019年就被上海市人民政府免职了。现在，吳副局座依是复旦大学上海医学院副院长、上海市重大传染病和生物安全研究院院长。上海上海抗疫求助#上海疫情已外溢全国21个省71个市##上海疫情##湖北##深圳疫情##东莞疫情#,,,,"上海疫情已外溢全国21个省71个市,上海疫情,湖北,深圳疫情,东莞疫情",0,0,10,2022-04-04 18:23,Android,['https://wx2.sinaimg.cn/large/7e641b04gy1h0xv2ji3fnj20u00zg75y.jpg'],,
4754594599538090,LmUfNE1ia,5260571619,挽歌猫,2020年疫情我在湖北2022年疫情我在上海,,,,,0,0,0,2022-04-04 18:12,iPhone 12 Pro,,,
4754594314062497,LmUflh2Q9,1257966900,Joy的小甜橘,#朱一龙分享家乡春意#原来春晓描述了鹿门呀，好美。疫情过了我要去湖北逛逛。朱一龙的声音可真好听,,,,朱一龙分享家乡春意,0,0,0,2022-04-04 18:11,HUAWEI Mate 40 Pro,,,
4754592983682915,LmUdcfs5R,1670738351,楚天音乐广播,【#湖北选派1237名医务人员驰援上海#】为支援上海的疫情防控工作，湖北首批已派出1237名医务人员驰援上海。据悉，由湖北省卫健委带队，援沪医务人员已于3日乘两趟专列抵达，一趟专列693人，另一趟专列544人。（新华社）,,,,湖北选派1237名医务人员驰援上海,0,0,2,2022-04-04 18:06,三星android智能手机,['https://wx4.sinaimg.cn/large/639571afgy1h0xuknu81sj20j608876f.jpg'],,
4754592820366524,LmUcW1xlG,7020308780,阿暖祝拢龙生日快乐,#朱一龙分享家乡春意#第一次知道孟浩然的春晓写于湖北鹿门山，是朱一龙家乡湖北啊！朱一龙的声音太好听了。希望疫情快快过去，我想去踏青。,,,,朱一龙分享家乡春意,1,1,1,2022-04-04 18:05,vivo X70 Pro+,"['https://wx4.sinaimg.cn/large/007F6v0Mgy1h0xujpxbzmj31w01w0hdt.jpg', 'https://wx3.sinaimg.cn/large/007F6v0Mgy1h0xujz6drgj335c2d0qv8.jpg', 'https://wx4.sinaimg.cn/large/007F6v0Mgy1h0xujsr8fmj31w02iou0y.jpg']",,
4754592082167162,LmUbK95Me,7433207980,普法达人张三,#15省38000多名医务人员驰援上海#快接近援助湖北抗疫的规模了，武汉疫情爆发后，全国累计42000多民医务人员驰援湖北。4月1日援助吉林医务人员达4600多名，本轮疫情全国驰援吉林和上海的规模已经超过2020年初援鄂抗疫规模。#吉林疫情##上海疫情#,,,,"15省38000多名医务人员驰援上海,吉林疫情,上海疫情",49,118,516,2022-04-04 18:02,,"['https://wx2.sinaimg.cn/large/00872YXigy1h0xulgkmolj30j60vdgq7.jpg', 'https://wx3.sinaimg.cn/large/00872YXigy1h0xulh0qvhj30u01lr7h3.jpg']",,
4754592078498660,LmUbJzETa,5427831553,圆滚滚小居,#朱一龙分享家乡春意#原来是在湖北写的，疫情什么时候滚蛋我要去旅游[雪容融],,,,朱一龙分享家乡春意,0,0,0,2022-04-04 18:02,iPhone客户端,,,
4754587057657141,LmU3Dw7Yh,2140585607,天涯社区,【#上海老人含泪感谢上门做核酸的武汉医护#:辛苦了，这么远的路来】4月3日凌晨，武汉市1000余名医护人员紧急集结，随湖北省第一批支援上海医疗队奔赴上海疫情防控前线。到达上海之后，他们就立即投入到抗疫工作中去。4月4日，武汉援沪医护上门给一小区的老人做核酸。老人含泪感谢：辛苦了，这么远的路来。L九派新闻的微博,,,,上海老人含泪感谢上门做核酸的武汉医护,3,2,31,2022-04-04 17:42,微博视频号,,,
4754584561778785,LmTZC7sK5,2696049674,襄城新闻,【刚刚发布！4月3日湖北省新冠肺炎疫情情况】4月3日0-24时，全省新增本土确诊病例0例，新增本土无症状感染者9例（其中1例为武汉市报告继发无症状感染者，1例为黄石市报告外省来鄂人员，1例为黄石市报告继发无症状感染者，2例为荆州市报告外省来鄂人员，4例为随州市本土无症状感染者），新增境外输入确诊病例0例，新增境外输入无症状感染者0例，新增疑似病例0例，新增死亡病例0例，当日出院病例1例（为十堰市确诊病例），当日解除无症状感染者医学观察2例（均为境外输入无症状感染者）。截至4月3日24时，在定点医疗机构治疗的本土确诊病例0例；疑似病例0例。尚在集中隔离医学观察的本土无症状感染者52例（其中武汉市4例，孝感市5例，黄冈市3例，黄石市10例，鄂州市2例，襄阳市1例，随州市24例，咸宁市1例，荆州市2例）。在定点医疗机构治疗的境外输入确诊病例4例，均为轻型；尚在集中隔离医学观察的境外输入无症状感染者7例。全省累计治愈出院63875例，累计病亡4512例，累计报告新冠肺炎确诊病例68391例。尚在集中隔离医学观察的密切接触者2079,,,,,0,0,1,2022-04-04 17:32,HUAWEI Mate 30 5G,,,
4754584265034373,LmTZ8l7Fz,2696049674,襄城新闻,【湖北健康码功能更新：这几类人员将收到弹窗！】当前疫情防控形势严峻，清明假期人员流动性增加，为进一步做好疫情防控工作，湖北健康码进行了功能升级，这几类人员通过鄂汇办APP、支付宝，打开湖北健康码将收到弹窗提醒。O湖北健康码功能更新：这几类人员将收到弹窗！,,,,,0,0,0,2022-04-04 17:31,HUAWEI Mate 30 5G,,,
4754583647162616,LmTY8u3k4,1660452532,猫扑,【#上海老人含泪感谢上门做核酸的武汉医护#:辛苦了，这么远的路来】4月3日凌晨，武汉市1000余名医护人员紧急集结，随湖北省第一批支援上海医疗队奔赴上海疫情防控前线。到达上海之后，他们就立即投入到抗疫工作中去。4月4日，武汉援沪医护上门给一小区的老人做核酸。老人含泪感谢：辛苦了，这么远的路来。L九派新闻的微博,,,,上海老人含泪感谢上门做核酸的武汉医护,1,5,16,2022-04-04 17:29,微博视频号,,,
4754580635653170,LmTThnIEa,6535908836,盐仓已超标,结伴旅行疫情稳定的话4月中下湖北出发有一起的姐妹不还没想好去哪儿可以商量,,,,,0,1,0,2022-04-04 17:17,结伴旅行超话,,,
4754572302356568,LmTFQ9T3a,7486693965,-雾玖桉祎-,#湖北疫情#希望一切都会好起来,,,,湖北疫情,0,0,3,2022-04-04 16:43,婧祎老婆的Android,,,
4754569794423055,LmTBNiyDB,6859129925,948交通广播,#948快讯#为切实做好清明期间高速安全保畅及疫情防控工作，保障高速公路网运行平稳、有序，湖北交通高速路政从加强清明节期间信息互通共享、疫情应急处置、服务区管理、道路安全保畅等方面进行提前谋划和深入探讨，明确责任目标，强化路面巡查力度，加强应急值守，确保节日保畅工作有的放矢，取得实效。（通讯员王耀,,,,948快讯,0,0,0,2022-04-04 16:33,微博 weibo.com,['https://wx2.sinaimg.cn/large/007ucd1Pgy1h0xrwqxxkij30u00u076t.jpg'],,
4754569593359786,LmTBte626,6859129925,948交通广播,"#948快讯#近期国内疫情散发形势严峻,尤其是上海的疫情更是牵动人心。湖北省疫情防控指挥部2号迅速组织由武汉市部省属医疗机构和市级医疗机构的1000多名医务人员组建的上海方舱医疗队、由各地市州医疗卫生机构组建的200多名核酸检验人员在当晚完成集结准备工作。昨天（4号），这两批队伍在武汉集结，由湖北省卫生健康委带队分两趟专列从武汉站出发前往上海进行支援，目前，所有医疗队员已抵达上",,,,948快讯,0,0,0,2022-04-04 16:33,微博 weibo.com,['https://wx3.sinaimg.cn/large/007ucd1Pgy1h0xrvx8pwyj30u00u076t.jpg'],,
4754566329407155,LmTwcDtej,1699432410,新华社,【#湖北选派1237名医务人员驰援上海#】为支援上海的疫情防控工作，湖北首批已派出1237名医务人员驰援上海。据悉，由湖北省卫健委带队，援沪医务人员已于3日乘两趟专列抵达，一趟专列693人，另一趟专列544人。,,,,湖北选派1237名医务人员驰援上海,43,49,478,2022-04-04 16:20,微博 weibo.com,['https://wx1.sinaimg.cn/large/001R0E0aly1h0xrgnhex4j61y00u0hdn02.jpg'],,
4754565590679599,LmTv12QNh,2914164167,By_洛卡奇_LooKaqi,就在刚刚我经历了一次无语的行程安排准备去趟湖北然后疫情了还是武汉+荆州都有新增退完机票发现手续费花了两千多这个月谁叫我我也不出去了,,,,,0,12,5,2022-04-04 16:17,小米MIX 3 故宫特别版,,,
4754558734304938,LmTjXi3Uu,1931704477,FM104襄阳之声,#聚焦襄阳县市区##我们的节日·清明#【南漳：清明节，三万多名党员下沉一线暖民心】清明小长假，湖北省南漳县倡导全县三万多名党员干部，做好文明祭祀、疫情防控、防诈宣传、服务群众“四个表率”，下沉一线，深入基层，用实际行动践初心、暖民心。在南漳经济开发区马家洲村，7名党员敲锣打鼓大声说唱着自编自创的“顺口溜”，挨家挨户向村民宣传文明祭祀、森林防火、疫情防控等知识；在南漳县武安镇赵家营村，党员干部们组成了“党员小分队”，开展“敲家门、叩心门”行动，深入群众家中，收集社情民，帮助解决实际困难；在南漳县九集镇泗堵河村，5名党员干部带着铁锹等灭火工具，沿着山道巡逻，防止森林火灾；在南漳县各大商场、超市、旅游景区、居民小区，到处都有党员们的身影......他们用自己的实际行动为“平安南漳、幸福南漳”贡献力量。（南漳融媒体中心：湛晓靖王成波杨一帆宋志,,,,"聚焦襄阳县市区,我们的节日·清明",0,0,2,2022-04-04 15:50,微博 weibo.com,"['https://wx3.sinaimg.cn/large/7323789dgy1h0wx3ptl00j20z70jtgpt.jpg', 'https://wx1.sinaimg.cn/large/7323789dgy1h0wx3pkiirj20z70jtjxd.jpg', 'https://wx1.sinaimg.cn/large/7323789dgy1h0wx3pcsnhj20z70jt43p.jpg', 'https://wx3.sinaimg.cn/large/7323789dgy1h0wx439x6wj20z70jtdlx.jpg', 'https://wx2.sinaimg.cn/large/7323789dgy1h0wx3po8foj20z70jtn2p.jpg', 'https://wx3.sinaimg.cn/large/7323789dgy1h0wx3pirx2j20z70jtn1p.jpg', 'https://wx3.sinaimg.cn/large/7323789dgy1h0wx3pn41gj20z70jt43j.jpg', 'https://wx4.sinaimg.cn/large/7323789dgy1h0wx3ozxhrj20z70jtq60.jpg', 'https://wx4.sinaimg.cn/large/7323789dgy1h0wx3pdzbqj20z70jtjuj.jpg']",,
4754557756507726,LmTinriXk,2812209690,黄石日报,【多名返鄂人员故意逃避集中隔离警方表示将依法追责】近日，湖北省孝感市汉川市、云梦县，黄冈市团风县等地发生多人故意逃避疫情防控集中隔离事件，警方表示将依法追责。据汉川市公安局消息，3月30日22时30分，汉川市公安局接武汉警方通报，汉川籍由沪返鄂人员刘某（男，32岁，汉川新河镇人）在汉口火车站出站后，防疫人员对其查验行程码和车票信息，并按防疫相关规定准备送其去核酸检测并隔离，在前往转运车途中，刘某趁防疫人员不备逃走。经武汉警方调查，刘某已乘坐出租车回到汉川。接通报后，汉川市公安局高度重视，迅速组织相关单位会同属地派出所开展查找工作，于31日凌晨1时30分许将刘某找到，并立即联系卫生防疫部门将其送至隔离点。经核酸检测结果为阴性，目前正在隔离观察。待其隔离期满后，汉川警方将依法依规对刘某违法行为从严从重处理。O多名返鄂人员故意逃避集中隔离警方表示将依法,,,,,0,0,1,2022-04-04 15:46,HUAWEI P30,,,
4754555453837264,LmTeFg6fm,2936980075,我就笑了啦啦,#唐山疫情#看到湖北黄石小学生因为疫情清明节取消假期而痛哭，我感触颇多。因为河北唐山疫情，我们是县里的一所寄宿制中学，已经三个星期没有放假了，更何况是清明节假期呢。将近一个月学生封闭在学校每天都上课，身心疲惫，学生没有换洗的衣物，没有条件洗澡，眼看着天气越来越热，薄一点的衣服也没有，老师们也是如此。本来共同抗疫是我们的责任，但是这并不是长久之计。希望能够被更多人看到，在疫情中教师和学生也在默默付出！@河北日报@河北新,,,"河北日报,河北新闻网",唐山疫情,1,5,5,2022-04-04 15:36,iPhone客户端,,,
4754555063764741,LmTe2fNnD,7506417535,千帆的夏天2022,因为#疫情#湖北黄石一小学的#清明#假期取消，学生们听闻“噩耗”，当场哭成一片,,,,"疫情,清明",0,1,2,2022-04-04 15:35,iPhone客户端,,,
4754550386330650,LmT6uqyTg,6286295056,小确幸6286295056,湖北工程学院在家的什么时候能开学啊，孝感也好久没有疫情了，自己家也好久没有病例了啊。谁他妈愿意别人天天上线上，还阁教室直播啊？考试怎么考？在家都要呆发霉了都。,,,,,0,1,9,2022-04-04 15:16,湖北工程学院超话,,,
4754546524426290,LmT0giztM,2000016880,楚天交通广播,#湖北援沪医疗队#再次感谢2020年上海医疗队对湖北的增援！2年后，我们湖北援沪医疗队来回报上海人民了！我们来了，带着5800万湖北人民的祝福来了，希望上海人民能早日够战胜疫情，湖北医疗队可以平安归来！L楚天交通广播的微博视频,,,,湖北援沪医疗队,1,1,9,2022-04-04 15:01,微博视频号,,,
4754546478025358,LmT0bxFLg,7331374155,暮屿落_,我说，2020年我在疫情正中心的湖北都没做过这么多次核酸🙏,,,,,0,0,0,2022-04-04 15:01,HUAWEI P30,"['https://wx2.sinaimg.cn/large/00809Hkfgy1h0xp7q6jutj30g00g0mxa.jpg', 'https://wx2.sinaimg.cn/large/00809Hkfgy1h0xp7qpkaaj30hp0hp40p.jpg']",,
4754538840195157,LmSNS0OLH,7373677731,蛋粕2022,今日豆粕稳定，止跌了！鸡蛋受疫情影响河北涨4，湖北涨节后预计05受04影响情绪上涨后慢慢回落，远期合约冲高后回落东北累库存，现在河北也开始有库存了，56月会发生什么？#期货##鸡蛋期货##豆粕期货#,,,,"期货,鸡蛋期货,豆粕期货",0,5,1,2022-04-04 14:30,荣耀20S,,,
4754538030961441,LmSMz4277,2126638444,包里装满零食,#上海疫情#回想起来，当时武汉疫情刚爆发，我们湖北人都很恐慌不知所措的时候，唯一一个在我的微博骂我们湖北的就是上海人,,,,上海疫情,0,2,5,2022-04-04 14:27,iPhone客户端,,,
4754533262038174,LmSES8ydM,6137775268,吃饱才有力气减肥啦,#上海加油鄂来守沪#其实都挺不容易，致敬医护人员和爱岗敬业的基层工作者。两年前疫情突发时的恐慌心情一直没有忘，还好有各地驰援湖北，铭记感恩。希望全国疫情早点结束，大家回归平静生活～,,,,上海加油鄂来守沪,0,0,1,2022-04-04 14:08,小米11 Pro,,,
4754532812720979,LmSE9bpQL,2312821040,中国基金报,【本土1366+11771！星夜驰援：10000名医护，赶赴上海！】据新华社，记者3日从上海市卫健委了解到，全国多地援助上海的医疗队总人数约一万人，于近日分批抵达上海，其中部分医疗队已入驻方舱医院，准备接收新冠肺炎轻症患者和无症状感染者。3日，来自天津、湖北等地的医疗队陆续抵达上海。天津市津南区首批援沪医疗队队长郝术安说，首批30名队员在2日晚接到指令后，星夜集结。“30人都是自愿报名，其中不少有援鄂经历。”详情见O网页链接#疫情防,,,,疫情防控,0,1,4,2022-04-04 14:07,微博 weibo.com,['https://wx4.sinaimg.cn/large/89dad930gy1h0xgl5hqkjj20e40alq48.jpg'],,
4754531641985842,LmSCg8kBI,3761576100,lb不再恋爱脑_,不管哪里疫情严重看到湖北特别武汉的去支援就很想哭啊太庆幸自己是个中国人了,,上海,,,0,0,4,2022-04-04 14:02,nova6 5G自拍大不一样,,,
4754530753578795,LmSAPf10v,1720962692,极目新闻,【多名返鄂人员故意逃避集中隔离警方表示将依法追责】近日，湖北省孝感市汉川市、云梦县，黄冈市团风县等地发生多人故意逃避疫情防控集中隔离事件，警方表示将依法追责。　　据汉川市公安局消息，3月30日22时30分，汉川市公安局接武汉警方通报，汉川籍由沪返鄂人员刘某（男，32岁，汉川新河镇人）在汉口火车站出站后，防疫人员对其查验行程码和车票信息，并按防疫相关规定准备送其去核酸检测并隔离，在前往转运车途中，刘某趁防疫人员不备逃走。经武汉警方调查，刘某已乘坐出租车回到汉川。　　接通报后，汉川市公安局高度重视，迅速组织相关单位会同属地派出所开展查找工作，于31日凌晨1时30分许将刘某找到，并立即联系卫生防疫部门将其送至隔离点。经核酸检测结果为阴性，目前正在隔离观察。待其隔离期满后，汉川警方将依法依规对刘某违法行为从严从重处理。　　据云梦县公安局消息，3月31日，云梦县公安局城关派出所接县疫情防控指挥部指令：一名上海中高风险地区返云梦人员杨某（女，40岁，云梦下辛店人）故意逃避集中隔离，要求立即核查。接到指令后，云梦县公安局城关派出所迅速组织相关单位开展查找工作，于当晚20时许将杨某找到，并立即联系卫生防疫部门将其送至隔离点。经查，杨某从上海市松江区某乡镇返回云梦后未按规定向所在村（社区）主动报备，未遵守疫情防控要求及时进行集中隔离。社区防疫工作人员核实杨某行程轨迹，电话通知杨某需立即参加集中隔离，其拒不配合工作，故意谎报、瞒报行程轨迹。　　目前，杨某经核酸检测结果为阴性，正在隔离观察。待其隔离期满后，云梦公安将依法依规对杨某违法行为从严从重处理。　　据团风县公安局消息，4月2日8时30分许，4名人员在途经武英高速溢流河路段时，翻越围栏进入团风。获得情况后，团风警方会同疫情防控指挥部，迅速采取相应的应急处置措施，及时将4人查获。　　经调查，4月1日晚吴某某、陈某、熊某及陈某某等4名上海返团务工人员，乘私车从上海浦东区返团，在途经武英高速团风县但店镇溢流河路段时，为逃避隔离，翻越围栏进入团风辖区。目前，4人已被集中隔离，核酸检测结果均为阴性，等待他们的将是法律的严惩。（新华,,,,,15,32,131,2022-04-04 13:58,微博 weibo.com,['https://wx4.sinaimg.cn/large/001SsZ0Mgy1h0xndsnaxmj605k05kglr02.jpg'],,
4754527003873978,LmSuMgfNw,1761063822,阿咩咩咩咩咩咩咩咩,同事问我当年武汉疫情的时候我怎么抢菜我：……真没抢过菜湖北物资那么紧缺都没缺过菜，只有口罩倒是挺缺的,,,,,1,7,15,2022-04-04 13:43,iPhone 13,,,
4754526018209102,LmStbyryS,2000016880,楚天交通广播,【2022年4月2日湖北省新冠肺炎疫情情况】4月2日0-24时，全省新增本土确诊病例0例，新增本土无症状感染者18例（其中1例为武汉市报告外省来鄂人员，1例为黄石市报告外省来鄂人员，2例为黄石市报告继发无症状感染者，14例为随州市本土无症状感染者），新增境外输入确诊病例0例，新增境外输入无症状感染者0例，新增疑似病例0例，新增死亡病例0例，当日出院病例0例，当日解除无症状感染者医学观察0例。截至4月2日24时，在定点医疗机构治疗的本土确诊病例1例（为十堰市确诊病例），为普通型；疑似病例0例。尚在集中隔离医学观察的本土无症状感染者43例（其中武汉市3例，孝感市5例，黄冈市3例，黄石市8例，鄂州市2例，襄阳市1例，随州市20例，咸宁市1例）。在定点医疗机构治疗的境外输入确诊病例4例，均为轻型；尚在集中隔离医学观察的境外输入无症状感染者9例。全省累计治愈出院63874例，累计病亡4512例，累计报告新冠肺炎确诊病例68391例。尚在集中隔离医学观察的密切接触者1375人。（湖北卫健委网,,,,,0,0,2,2022-04-04 13:40,微博 weibo.com,['https://wx3.sinaimg.cn/large/002blRKMgy1h0xijld89ij60go0goabh02.jpg'],,
4754524924021276,LmSrqgS7i,6981691986,咔咔咔自由人,#上海核酸#加油上海！这次江苏掏空了家底来支援上海了。也别再说上海离江苏近了，广西百色疫情南京医疗队第一时间过去了，离得近？开始的湖北武汉疫情，江苏出力最多是离得近？怎么一到上海这就是离得近了呢？,,,,上海核酸,0,1,8,2022-04-04 13:35,HarmonyOS设备,['https://wx2.sinaimg.cn/large/007Cut1gly1h0xmndntq2j30u0180grl.jpg'],,
4754521466867739,LmSlQsOBZ,1961743087,张先生家里的小胖子,#湖北疫情#这个疫情真心让人心累啊！啥时候可以好起来,,,,湖北疫情,0,1,0,2022-04-04 13:21,vivo X60 蔡司影像,,,
4754520988978710,LmSl4BFLU,2000016880,楚天交通广播,【#清明#出行安全提示】#交警提醒#今天是清明假期第二天，受疫情防控影响，许广高速湖北随县段通行正常，车流量平稳，在这里，@湖北高速交警随县大队温馨提示：清明出行，驾车行驶需谨慎，切勿超员超载，若要亲人不牵挂，酒后切莫把车驾，从你我做起，文明祭扫，平安清明、交警同行。O网页,,,湖北高速交警随县大队,"清明,交警提醒",0,0,0,2022-04-04 13:20,微博 weibo.com,,,
4754520603886000,LmSksgiVq,2607972104,湖北发布,#江河湖北#【4月3日湖北省新冠肺炎疫情情况（英文版）】4月3日0-24时，全省新增本土确诊病例0例，新增本土无症状感染者9例（其中1例为武汉市报告继发无症状感染者，1例为黄石市报告外省来鄂人员，1例为黄石市报告继发无症状感染者，2例为荆州市报告外省来鄂人员，4例为随州市本土无症状感染者），新增境外输入确诊病例0例，新增境外输入无症状感染者0例，新增疑似病例0例，新增死亡病例0例，当日出院病例1例（为十堰市确诊病例），当日解除无症状感染者医学观察2例（均为境外输入无症状感染者）。截至4月3日24时，在定点医疗机构治疗的本土确诊病例0例；疑似病例0例。尚在集中隔离医学观察的本土无症状感染者52例（其中武汉市4例，孝感市5例，黄冈市3例，黄石市10例，鄂州市2例，襄阳市1例，随州市24例，咸宁市1例，荆州市2例）。在定点医疗机构治疗的境外输入确诊病例4例，均为轻型；尚在集中隔离医学观察的境外输入无症状感染者7例。全省累计治愈出院63875例，累计病亡4512例，累计报告新冠肺炎确诊病例68391例。尚在集中隔离医学观察的密切接触者2079,,,,江河湖北,0,0,2,2022-04-04 13:18,微博 weibo.com,['https://wx1.sinaimg.cn/large/002QuMGcgy1h0xm9d64dcj60u016fjwl02.jpg'],,
4754515951358519,LmScX5HpB,1411163204,健康时报,【多趟列车发现初筛阳性，列车涉阳性感染者如何防疫？】近日，人民日报健康客户端梳理发现，多趟列车涉阳性病例。据湖北省大冶市疫情防控指挥部通报，4月3日下午，大冶市在集中隔离点例行核酸检测时，发现一例新冠肺炎无症状感染者，系上海返冶人员。该无症状感染者3月31日上午从上海虹桥站出发，乘坐G1501列车，13:43到达南昌西站，换乘G648列车于下午17:00到达大冶北站，随即闭环转运至隔离点。4月1日下午，浙江温州市疾控中心发布公告称，昨日温州瑞安新增1例阳性病例，为与外省确诊病例同乘D3141次动车相邻车厢人员。据不完全统计，目前已有三地报告3月28日D3141次动车的关联感染者。4月3日下午，北京市大兴区新冠病毒肺炎疫情防控工作领导小组办公室发布消息称，3日北京大兴新增1人核酸阳性，近日乘G530列车抵京。4月1日下午，浙江温州市疾控中心发布公告称，温州瑞安新增1例阳性病例，为与外省确诊病例同乘D3141次动车相邻车厢人员。据不完全统计，目前已有三地报告3月28日D3141次动车的关联感染者。人民日报健康客户端记者从采访北京西站一位列车工作人员了解到，一般来说如果列车上发现一名“密接旅客”，会把这名旅客的前一节车厢和后一节车厢封控，并收集这三个车厢的旅客基本信息，同时上报铁路的防疫部门，列车进站后全列车不开门，等防疫相关人员到达后，先开启其他车厢错车门，再在开启上述三个车厢的车门，由防疫人员做相关检查，才能决定是放行还是集中隔离。而对于有阳性病例的列车，一般会整个列车都采取上述流程集中隔离。对于下车后确诊阳性的病例，该工作人员介绍，会对其乘坐的相关列车进行全面消杀，根据列车旅客登记信息，通知到每位旅客。乘坐相关列车的乘客要主动向居住地所在社区（村）、工作单位、居住酒店报告；配合属地落实集中隔离、居家隔离、核酸检测、健康监测等防控措施；健康监测期间减少外出，不聚集、不聚餐。如出现发热、干咳、咳痰、咽痛、乏力、腹泻、味觉异常、嗅觉异常等11种症状，不要自行购药、服药，不乘坐公共交通工具、不打网约车等，及时到发热门诊就医。（人民日报健康客户端记者姚欣,,,,,0,0,2,2022-04-04 13:00,微博 weibo.com,,,
4754514383472986,LmSaqeztU,2049435632,新浪湖北健康频道,#英雄医护再出发#【鄂沪心相连再续战疫情湖北医疗队和核酸检测队1200余人驰援上海】同饮一江水，再续战疫情！4月3日，湖北援沪第一批1000余人方舱医疗队和200余人核酸检测队在武汉集结，由省卫生健康委带队分乘两趟专列从武汉站出发前往上海支援。#全国已有上万名医护人员驰援上海##武汉医疗队驰援上海#L新浪湖北健康频道的微博,,,,"英雄医护再出发,全国已有上万名医护人员驰援上海,武汉医疗队驰援上海",1,0,3,2022-04-04 12:53,微博视频号,,,
4754514014113001,LmS9PhfYJ,1649055220,小婉子姐姐,看着首页的新闻，全国要向上海（疫情）发起“总攻”的架势，再次想起两年前那一句“谢谢你们为湖北拼过命”，每每想起都泪目这回能获得什么发自内心的感谢词吗,,,,,0,1,0,2022-04-04 12:52,360安全浏览器,,,
4754511384546329,LmS5Aj4HT,2797392924,东西湖发布,【守“沪”者们来了！湖北援沪医疗队抵达上海】4月3日凌晨，武汉市1000余名医护人员紧急集结，随湖北省第一批支援上海医疗队奔赴上海疫情防控前线。由53位医护人员组成的华中科技大学同济医院援沪医疗队，此次的任务是接管正在建设中的方舱医院。武汉市儿童医院援沪医疗队一共有30人，都是有呼吸内科、急诊、神经内科、心胸外科、手术室等工作背景的党员和骨干，具有较强的专病和危重症处理能力。此次武汉大学中南医院派出了51名医护人员驰援上海，其中包括10名医生，40名护士，1名院感专家，还带了大量的抗疫物资。目前，湖北已有上千医护人员参与援助上海。2020年新冠肺炎疫情期间，上海援鄂医疗队是首批抵达的援鄂医疗队之一。此次“鄂”来守“沪”，大家纷纷表示义不容辞，将弘扬伟大抗疫精神，与上海一起坚守！#上海加油#（湖北经视记者童亮）L经视直播官方微博的微博,,,,上海加油,0,0,0,2022-04-04 12:41,微博视频号,,,
4754510361398424,LmS3W5RNe,5985942585,想雨还是想羽呢,湖北疫情什么时候才能好，我五月份还得去武汉看医生。。。。。。。我真的服了,,,,,0,0,0,2022-04-04 12:37,,,,
4754510268075433,LmS3MxSMV,1569569157,晨报李国平,近日，湖北黄石。疫情原因学校清明假期取消，小学生们得知后在教室哭成一片#清明3天假因疫取消小学生哭成一片#L红星竹雨的微博视频,,,,清明3天假因疫取消小学生哭成一片,0,0,1,2022-04-04 12:37,iPhone客户端,,,
4754509940920951,LmS3g3RA3,5213984357,1CurryM0916,#湖北疫情#幸亏没回去五一之前一定要好,,,,湖北疫情,0,0,1,2022-04-04 12:36,小米10,,,
4754508041425999,LmS0c5YXZ,5683891906,叮叮车尾,#湖北疫情#这样省内五一放假还能回家吗,,,,湖北疫情,0,0,0,2022-04-04 12:28,小米11,,,
4754507009100359,LmRYwCbpZ,1908364672,股市战将妖哥,#湖北疫情#【湖北昨日新增本土无症状感染者9例】湖北卫健委通报，4月3日0-24时，全省新增本土确诊病例0例，新增本土无症状感染者9例（其中1例为武汉市报告继发无症状感染者，1例为黄石市报告外省来鄂人员，1例为黄石市报告继发无症状感染者，2例为荆州市报告外省来鄂人员，4例为随州市本土无症状感染者），新增境外输入确诊病例0例，新增境外输入无症状感染者0例，新增疑似病例0例，新增死亡病例0例，当日出院病例1例（为十堰市确诊病例），当日解除无症状感染者医学观察2例（均为境外输入无症状感染者,,,,湖北疫情,0,0,14,2022-04-04 12:24,,,,
4754502056149852,LmRQxpNRa,7486693965,-雾玖桉祎-,#湖北疫情#家人们我们这边两例了,,,,湖北疫情,0,6,7,2022-04-04 12:04,婧祎老婆的Android,,,
4754500390227281,LmRNR0X7P,3658846777,周金金金-,2020年初我在湖北第一次感受疫情的发生，我经历了和现在一样经历。网络上各种消息层出不穷，我们在家也是人心惶。现在我在上海，这样长时间的居家也憋不疯我了，看着国家的救援从各个地方奔向我们，即使我是这个城市特别微小的一个存在，我仍然感动落泪，不管是19年还是现在，我永远相信没有什么能打败一个团结一心的国家，我们的祖国终会护我们周全。春天值得,,,,,0,2,1,2022-04-04 11:58,iPhone客户端,"['https://wx3.sinaimg.cn/large/da159239ly1h0xjjqnomfj20n00cswiq.jpg', 'https://wx1.sinaimg.cn/large/da159239ly1h0xjjr0hhcj20n00c30wo.jpg', 'https://wx2.sinaimg.cn/large/da159239ly1h0xjjr7dknj20n00c7q73.jpg', 'https://wx3.sinaimg.cn/large/da159239ly1h0xjjrn4w9j21cw0qogq2.jpg', 'https://wx3.sinaimg.cn/large/da159239ly1h0xjjrusnnj20u01hcdlx.jpg', 'https://wx1.sinaimg.cn/large/da159239ly1h0xjjsm6rxj23402c0hdt.jpg']",,
4754499677982428,LmRMHxuAQ,1984649580,湖北升本服务中心,#湖北自考##自考#湖北专升本湖北自学考试疫情防控考生须知4月15、16、17三天考试参加考试的学员，请清明放假，不要乱跑考前提前做好各项疫情规划详情戳戳戳O网页链接,,,,"湖北自考,自考",0,1,0,2022-04-04 11:55,微博 weibo.com,['https://wx3.sinaimg.cn/large/764b596cly1h0xjsbi26oj21hc0qx7fj.jpg'],,
4754498361231176,LmRKA5ahG,1918710881,格桑花的_小窝,#湖北疫情#这么搞五一又不能回去了,,,,湖北疫情,0,0,1,2022-04-04 11:50,华为畅享20 Pro,,,
4754495176966663,LmRFrtelx,5516864434,少女尼斯63,🆘为什么湖北又有疫情了，外省的别乱跑了,,,,,0,0,0,2022-04-04 11:37,vivo X70 蔡司影像,,,
4754495134762240,LmRFnjYSk,7414163046,莎莉的小H,感谢武汉儿童医院支援上海@武汉儿童医院可爱的白衣战士辛苦啦感恩感谢#湖北援沪医疗队##湖北援沪医疗队员均参加过一线抗疫##上海疫情#,,上海,武汉儿童医院,"湖北援沪医疗队,湖北援沪医疗队员均参加过一线抗疫,上海疫情",0,0,15,2022-04-04 11:37,iPhone客户端,"['https://wx1.sinaimg.cn/large/0085L4uWly1h0xj8ru1obj30zi187kdq.jpg', 'https://wx1.sinaimg.cn/large/0085L4uWly1h0xj8s3b8vj30t119jdq2.jpg']",,
4754493642642054,LmRCYb5jM,2104844584,汉江网,#众志成城，齐心协力#【湖北健康码功能更新：这几类人员将收到弹窗！】当前疫情防控形势严峻，清明假期人员流动性增加，为进一步做好疫情防控工作，湖北健康码进行了功能升级，这几类人员通过鄂汇办APP、支付宝打开湖北健康码，将收到弹窗提醒➡️O湖北健康码功能更新：这几类人员将收到弹窗！,,,,众志成城，齐心协力,0,0,0,2022-04-04 11:31,nova5i 2400万AI四摄,,,
4754492886617823,LmRBKrLB5,5231424140,股市李掌柜,上海疫情为何如此严重目前中国新冠病毒疫情上海市特别严重，昨天阳性感染者7千多例，后面估计还有井喷式爆发数字，上海也只有依靠全国各省市救助它了，江苏省湖北省浙江省广西等等省市已经大举救援上海，曾经防疫优等生的上海疫情为何如此严重呢？抗疫其实是一个系统性工程，牵渋到方方面面，政府统筹全局，医护安保社区志愿者等等各种人员配合管理。上海市想做精准防控对付疫情，必须做到一声令下全面配合，不仅仅是口头说说而已，市场传言上海平时抗疫管理较松，坐地铁居然不用看健康码，真叫人不可想象。抗疫必须把工作做到全面细致，落实到位，否则有漏网之鱼就会星星之火可以燎原，新冠病毒传染性极强，防不胜防，只有彻底斩断传染源才能控制疫情。不能斩断传染源那么精准防控就是一句空话了。广州佛山深圳在这方面确实做得好，尤其佛山控制疫情是很严很紧的，同时老百姓也是很配合的。上海市或许在抗疫方面大意疏忽了，只有上上下下崩紧神经，严肃对待，才有可能有精准防控，去年广州市发生疫情没有封城只是封了荔湾区，就是平时控制很严，平时准备工作做得全面，一旦发生疫情迅速就能控制。上海疫情如此严重，动态清零恐怕要两月时间，最后祝上海早日控制疫情恢复正,,,,,0,7,14,2022-04-04 11:28,新版微博 weibo.com,,,
4754492618441563,LmRBjzq2f,2693849655,A麦cc,坐标:湖北随州，小县城因为疫情封闭城区了，想给在乡镇的父亲送点药（乡镇卖的没得他喝的那种），打市长热线12345，我问药没有了就停了吗？接电话工作人员说:没得办法，不能出去。其他封城的地区这种情况也是，没得办法吗？#疫情防控#,,,,疫情防控,0,1,0,2022-04-04 11:27,vivo NEX双屏版,,,
4754490056247323,LmRxbqddh,6855539576,浮梦KMEN,【直击上海全市核酸检测】为尽快遏制疫情扩散蔓延，尽早实现社会面动态清零，根据前期核酸筛查情况，上海于4日在全市范围内开展一次核酸检测。@人民日报江苏疫情小组已乘坐大巴支援上海，湖北抗疫小组也已经出发支援上海疫情！让我们为上海祈福，加油，全国人民与你们一起抗疫！,,,人民日报,,0,0,0,2022-04-04 11:17,OPPO Reno5 5G,,,
4754489842335775,LmRwQ9NDN,2051045567,小猪呼噜噜_Usmile,上海这波疫情很祸害人啊，我大湖北几个有从沪返鄂有无症状感染者的县市连夜开展全员核酸检测，估计还要做多轮核酸检测，喉咙要长茧子了，草,,,,,1,1,2,2022-04-04 11:16,华为nova 8 Pro,,,
4754489720966472,LmRwE43qg,2019021371,JXX猜寂,#湖北疫情#求一个教招推迟我真的很害怕,,恩施土家族苗族自治州,,湖北疫情,0,1,0,2022-04-04 11:15,iPhone客户端,,,
4754489057739688,LmRvzwtrG,1840551510,湖北之声,#鄂来守沪##湖北驰援上海#连日来，上海疫情牵动全国人民的心，来自全国各地的医疗队紧急驰援。武汉市第三医院派出呼吸与危重症医学科、手术麻醉科、肾内科、重症医学科等一批有抗疫经验的医护人员参与此次支援。其中医生5人，护理人员25人，院感1人。并且准备了充足的防护物资。该院首义院区血透室护士长为了不让父母担心，告诉父母自己只是去外地学习一个月。武汉市第三医院领队、呼吸与危重症医学科医生丁敏说：“武汉战疫期间，上海瑞金医院支援了我们，给予了我们极大帮助。现在，武汉人民与他们携手共渡难关。”（湖北之声记者张伟杰通讯员江泓颖周,,,,"鄂来守沪,湖北驰援上海",0,3,13,2022-04-04 11:13,微博 weibo.com,"['https://wx3.sinaimg.cn/large/6db49656gy1h0ximhnozlj21900u0n68.jpg', 'https://wx1.sinaimg.cn/large/6db49656gy1h0ximmtmtyj21900u0dl3.jpg', 'https://wx3.sinaimg.cn/large/6db49656gy1h0ximucmo2j21400u0dsr.jpg', 'https://wx4.sinaimg.cn/large/6db49656gy1h0ximxqirwj20qo0caacs.jpg']",,
4754488861395179,LmRvg5QWT,3163693955,唐哲同学,刚在我亲戚家门口的高速上看到几台加长大货车鱼贯驶过车身上都写着巨幅的红色大标语“湖北荆门驰援上海生鲜运输车”湖北“小龙虾”真是好样的希望上海疫情的阴霾早日散去希望上海人民早日恢复生活秩序如果上海提早两周行动也不至于今天般的如此被动🙏#上海新增本土确诊425例无症状8581,,黄冈·簰形塆村,,上海新增本土确诊425例无症状8581例,0,4,37,2022-04-04 11:12,荣耀50 Pro 5G,['https://wx1.sinaimg.cn/large/bc922383gy1h0xik46mn4j230g29chdv.jpg'],,
4754488718002306,LmRv1xzLs,2120489732,行摄香港,【#上海疾控领导和市民对话录音曝光#：打满三针疫苗，新冠就是感冒】#上海疫情已外溢全国21个省71个市##上海疫情##一人一句反话大赛##湖北##深圳疫情##东莞疫情##随州#4月2日：@猫头鹰视频）L猫头鹰视频的微博视频,,,猫头鹰视频,"上海疾控领导和市民对话录音曝光,上海疫情已外溢全国21个省71个市,上海疫情,一人一句反话大赛,湖北,深圳疫情,东莞疫情,随州",1,0,9,2022-04-04 11:11,Android,,,
4754488185586481,LmRuanrix,2303695174,荆门发布,【2022年4月3日湖北省新冠肺炎疫情情况】4月3日0-24时，全省新增本土确诊病例0例，新增本土无症状感染者9例（其中1例为武汉市报告继发无症状感染者，1例为黄石市报告外省来鄂人员，1例为黄石市报告继发无症状感染者，2例为荆州市报告外省来鄂人员，4例为随州市本土无症状感染者），新增境外输入确诊病例0例，新增境外输入无症状感染者0例，新增疑似病例0例，新增死亡病例0例，当日出院病例1例（为十堰市确诊病例），当日解除无症状感染者医学观察2例（均为境外输入无症状感染者）。截至4月3日24时，在定点医疗机构治疗的本土确诊病例0例；疑似病例0例。尚在集中隔离医学观察的本土无症状感染者52例（其中武汉市4例，孝感市5例，黄冈市3例，黄石市10例，鄂州市2例，襄阳市1例，随州市24例，咸宁市1例，荆州市2例）。在定点医疗机构治疗的境外输入确诊病例4例，均为轻型；尚在集中隔离医学观察的境外输入无症状感染者7例。全省累计治愈出院63875例，累计病亡4512例，累计报告新冠肺炎确诊病例68391例。尚在集中隔离医学观察的密切接触者2079,,,,,0,0,1,2022-04-04 11:09,微博 weibo.com,,,
4754485769931109,LmRqgFFxb,2282629480,武汉机场楚天情,#乘机小贴士#武汉机场遵照湖北防疫指挥部发布《新型冠状病毒感染肺炎疫情防控指挥部通告》要求：离汉人员凭健康码绿码安全有序流动。武汉天河机场提醒携带小朋友的旅客注意，小朋友出行也需要申领健康码或到社区（村）开具医学健康证明（加盖公章），您也可以下载“鄂汇办”提前完成健康码绿码的申领，以免耽误您的行,,,,乘机小贴士,0,0,0,2022-04-04 11:00,微博 weibo.com,"['https://wx4.sinaimg.cn/large/880e2968gy1h0xe3s2evrj20u016gju5.jpg', 'https://wx2.sinaimg.cn/large/880e2968gy1h0xe3rqbw8j20z90k0wfz.jpg']",,
4754484708248768,LmRoyyBSE,7478835323,湖报体育,【2022年4月3日湖北省新冠肺炎疫情情况】4月3日0-24时，全省新增本土确诊病例0例，新增本土无症状感染者9例（其中1例为武汉市报告继发无症状感染者，1例为黄石市报告外省来鄂人员，1例为黄石市报告继发无症状感染者，2例为荆州市报告外省来鄂人员，4例为随州市本土无症状感染者），新增境外输入确诊病例0例，新增境外输入无症状感染者0例，新增疑似病例0例，新增死亡病例0例，当日出院病例1例（为十堰市确诊病例），当日解除无症状感染者医学观察2例（均为境外输入无症状感染者）。截至4月3日24时，在定点医疗机构治疗的本土确诊病例0例；疑似病例0例。尚在集中隔离医学观察的本土无症状感染者52例（其中武汉市4例，孝感市5例，黄冈市3例，黄石市10例，鄂州市2例，襄阳市1例，随州市24例，咸宁市1例，荆州市2例）。在定点医疗机构治疗的境外输入确诊病例4例，均为轻型；尚在集中隔离医学观察的境外输入无症状感染者7例。全省累计治愈出院63875例，累计病亡4512例，累计报告新冠肺炎确诊病例68391例。尚在集中隔离医学观察的密切接触者2079人。（湖北省卫健,,,,,0,0,0,2022-04-04 10:55,HUAWEI Mate 20,['https://wx4.sinaimg.cn/large/008a8qIbgy1h0xi4zhbnxj30ku0kumza.jpg'],,
4754484545457739,LmRoimTO3,2607972104,湖北发布,发布了头条文章：《荆门通报2起高速公路查验点疫情防控履责不力典型案例》O荆门通报2起高速公路查验点疫情防控履责不力典型案例,http://t.cn/A66jYDxp,,,,0,1,2,2022-04-04 10:55,微博 weibo.com,,,
4754483403292878,LmRmsdOCW,2163057491,心想事成的神游飞人,#上海核酸#今天我们小区核酸是湖北支援上海的小姐姐，好温柔！！！！疫情结束了我要去吃热干面！！！感谢全国各地的驰援！,,上海,,上海核酸,0,15,37,2022-04-04 10:50,iPhone客户端,,,
4754482442798388,LmRkUbJZi,1774215272,武汉广播电视台,【#湖北医疗队驰援上海#】连日来，上海疫情牵动全国人民的心。4月3日，湖北第一批1000余人方舱医疗队和200余人核酸检测队在武汉集结，由湖北省卫生健康委带队，分两趟专列，从武汉站出发前往上海进行支援。4月3日晚，湖北援沪医疗队已全部安全抵达上海，在短暂休整之后，将随即投入上海核酸检测和方舱医院医疗救治工作。曾经在武汉最困难的时候，上海伸出了援助之手。如今，“热干面”来支援“生煎包”，#上海加油#！#湖北医疗队核酸检测队驰援上,,,,"湖北医疗队驰援上海,上海加油,湖北医疗队核酸检测队驰援上海",3,3,26,2022-04-04 10:46,360安全浏览器,"['https://wx2.sinaimg.cn/large/69c06068gy1h0xhlv3kpej20u00cutbm.jpg', 'https://wx3.sinaimg.cn/large/69c06068gy1h0xhlv0373j20u00jyae1.jpg', 'https://wx1.sinaimg.cn/large/69c06068gy1h0xhluzyw1j20u00k041n.jpg', 'https://wx1.sinaimg.cn/large/69c06068gy1h0xhlv2xxfj20u00jyq6y.jpg', 'https://wx2.sinaimg.cn/large/69c06068gy1h0xhlv194pj20u00ir0vr.jpg', 'https://wx3.sinaimg.cn/large/69c06068gy1h0xhlv1elmj20u00min0h.jpg', 'https://wx1.sinaimg.cn/large/69c06068gy1h0xhlv6d93j20u00miwia.jpg', 'https://wx2.sinaimg.cn/large/69c06068gy1h0xhlv6yfzj20u015k0y4.jpg', 'https://wx3.sinaimg.cn/large/69c06068gy1h0xhnbl7uhj20zk0e9jtu.jpg']",,
4754482426544129,LmRkSrsqt,1726258025,绿萝仙人掌太阳花,两年前的昨天，坐着专列到西站，再专车专人护送到家，关上门，社区贴上封条，开始居家隔离14天。以为疫情以后就会慢慢好了，毕竟湖北都好起来了。没想到两年过去了，看着新闻，有种进入了循环的感觉。,,,,,0,0,0,2022-04-04 10:46,iPhone客户端,,,
4754482329815453,LmRkIFbrL,2000016880,楚天交通广播,#疫情阻击动态#【#湖北援沪第一批1200余位医务人员已投入工作#】4月3日，湖北援沪第一批1000余人方舱医疗队和200余人核酸检测队在武汉集结，由湖北省卫生健康委带队乘专列从武汉站出发前往上海支援。有的医务人员在火车上复习操练，反复观看防护服的穿脱视频，院感专家再次进行强化培训。一到达上海，他们顾不上旅途辛苦，立即开展培训、演练。4日一早，医务人员便投入紧张的工作之,,,,"疫情阻击动态,湖北援沪第一批1200余位医务人员已投入工作",0,1,3,2022-04-04 10:46,微博 weibo.com,"['https://wx3.sinaimg.cn/large/002blRKMgy1h0xhu5mwlqj60sg0lbgor02.jpg', 'https://wx3.sinaimg.cn/large/002blRKMgy1h0xhubzka9j60sg0lcdip02.jpg', 'https://wx3.sinaimg.cn/large/002blRKMgy1h0xhuhlahaj60sg0bfq5x02.jpg', 'https://wx2.sinaimg.cn/large/002blRKMgy1h0xhun1uzpj60sg0lcgqj02.jpg', 'https://wx1.sinaimg.cn/large/002blRKMgy1h0xhuvtwkuj60sg0lb0xj02.jpg', 'https://wx2.sinaimg.cn/large/002blRKMgy1h0xhv3i5goj60sg0lcwij02.jpg']",,
4754482074224072,LmRkjhISc,7727840918,爆笑大橙子,4月2日8:30许，4名上海返团人员在途经武英高速溢流河路段时，翻越围栏进入湖北团风。获得情况后，团风警方会同疫情防控指挥部，及时将4人查获。#社会百态#L爆笑大橙子的微博视频,,,,社会百态 ,0,0,0,2022-04-04 10:45,iPhone客户端,,,
4754480375005781,LmRhzl0ep,1659699275,荆州三国跑团,连日来上海疫情牵动全国人民的心#上海疫情正处于快速上升阶段##疫情#紧急驰援守“沪”者们，来了！4月3日湖北援沪第一批1000余人方舱医疗队，和200余人核酸检测队在武汉集结，由湖北省卫生健康委带队，分乘两趟专列从武汉站出发前往上海支援上午8点第一趟专列693人，下午3点第二趟专列544,,荆州,,"上海疫情正处于快速上升阶段,疫情",0,0,1,2022-04-04 10:38,,"['https://wx1.sinaimg.cn/large/62ed004bgy1h0xhlqhnihj20u00cun37.jpg', 'https://wx2.sinaimg.cn/large/62ed004bgy1h0xhlqx5sdj20u00k00zk.jpg', 'https://wx2.sinaimg.cn/large/62ed004bgy1h0xhlrwk9hj20u00miaha.jpg', 'https://wx4.sinaimg.cn/large/62ed004bgy1h0xhlsh9eij20u00mijz9.jpg', 'https://wx4.sinaimg.cn/large/62ed004bgy1h0xhlt0f7yj20u00irzqy.jpg', 'https://wx3.sinaimg.cn/large/62ed004bgy1h0xhltl2ftj20u00jy7ca.jpg']",,
4754478878428653,LmRf9zmG1,1434698690,泡鱼儿,【一图读懂｜湖北随州本土无症状感染者轨迹图】湖北随州暴发的本轮疫情持续引发关注。4月3日0-24时，随州新增本土无症状感染者4例，随州本轮疫情已累计报告本土无症状感染者24例。根据每日数据整理出一份传播轨迹图，可以更直观地看出病毒传播的隐蔽性。目前的关键问题是，1号感染者长期居住本地，并无外出旅居史，那么本轮疫情的传染源来自哪里？随州地处武汉与襄阳之间，国宝编钟就是从这里出土的，也是重要的汽车改装制造基地。戴口罩，勤洗手，多通风。希望随州尽快查明传染源，早日清零，生活恢复正常。加油！#随州疫,,,,随州疫情,2,3,4,2022-04-04 10:32,iPhone客户端,"['https://wx2.sinaimg.cn/large/5583c3c2gy1h0xhgm4vn3j23391oqqv6.jpg', 'https://wx1.sinaimg.cn/large/5583c3c2gy1h0xhgmn6upj20q00yoael.jpg']",,
4754477976911881,LmRdHt05X,2770589022,襄阳日报,#众志成城，齐心协力#【湖北健康码功能更新：这几类人员将收到弹窗！】当前疫情防控形势严峻，清明假期人员流动性增加，为进一步做好疫情防控工作，湖北健康码进行了功能升级，这几类人员通过鄂汇办APP、支付宝打开湖北健康码，将收到弹窗提醒➡️O湖北健康码功能更新：这几类人员将收到弹窗！,,襄阳,,众志成城，齐心协力,0,3,0,2022-04-04 10:29,nova6 5G自拍大不一样,,,
4754476811163378,LmRbP4SEa,7541113662,一颗游历银河的小行星,#全国已有上万名医护人员驰援上海#在武汉读书的上海小孩（妈妈上海人，爸爸是籍贯湖北的新上海人）真心希望这次疫情过后，上海能放下他的清高与傲慢全国各地都在努力救上海感激不尽,,武汉,,全国已有上万名医护人员驰援上海,0,0,3,2022-04-04 10:24,iPhone客户端,['https://wx4.sinaimg.cn/large/008elK9wgy1h0xh6k8dx7j30rq0uldrp.jpg'],,
4754476768430550,LmRbKznaC,2117703102,襄阳晚报,#众志成城，齐心协力#【刚刚发布！4月3日湖北省新冠肺炎疫情情况】4月3日0-24时，全省新增本土确诊病例0例，新增本土无症状感染者9例（其中1例为武汉市报告继发无症状感染者，1例为黄石市报告外省来鄂人员，1例为黄石市报告继发无症状感染者，2例为荆州市报告外省来鄂人员，4例为随州市本土无症状感染者），新增境外输入确诊病例0例，新增境外输入无症状感染者0例，新增疑似病例0例，新增死亡病例0例，当日出院病例1例（为十堰市确诊病例），当日解除无症状感染者医学观察2例（均为境外输入无症状感染者）。截至4月3日24时，在定点医疗机构治疗的本土确诊病例0例；疑似病例0例。尚在集中隔离医学观察的本土无症状感染者52例（其中武汉市4例，孝感市5例，黄冈市3例，黄石市10例，鄂州市2例，襄阳市1例，随州市24例，咸宁市1例，荆州市2例）。在定点医疗机构治疗的境外输入确诊病例4例，均为轻型；尚在集中隔离医学观察的境外输入无症状感染者7例。全省累计治愈出院63875例，累计病亡4512例，累计报告新冠肺炎确诊病例68391例。尚在集中隔离医学观察的密切接触者2079人。O网页,,,,众志成城，齐心协力,0,0,0,2022-04-04 10:24,iPhone客户端,,,
4754476579162511,LmRbrCrAr,2117703102,襄阳晚报,#众志成城，齐心协力#【湖北健康码功能更新：这几类人员将收到弹窗！】当前疫情防控形势严峻，清明假期人员流动性增加，为进一步做好疫情防控工作，湖北健康码进行了功能升级，这几类人员通过鄂汇办APP、支付宝打开湖北健康码，将收到弹窗提醒➡️O湖北健康码功能更新：这几类人员将收到弹窗！,,,,众志成城，齐心协力,0,0,0,2022-04-04 10:23,iPhone客户端,,,
4754476572086734,LmRbr8KR0,1879778060,武汉晚报,#全国已有上万名医护人员驰援上海#连日来，上海疫情牵动全国人民的心。4月3日，湖北第一批1000余人方舱医疗队和200余人核酸检测队在武汉集结，由湖北省卫生健康委带队，分两趟专列从武汉站出发前往上海进行支援，上午8时第一趟专列693人，下午3时第二趟专列544人。（长江日报）O网页链接,,,,全国已有上万名医护人员驰援上海,2,0,10,2022-04-04 10:23,荣耀X10 5G,"['https://wx2.sinaimg.cn/large/0023dm8Ygy1h0xi0zw50cj60sg0ixk2e02.jpg', 'https://wx1.sinaimg.cn/large/0023dm8Ygy1h0xi10yksij60hz0pu44y02.jpg', 'https://wx4.sinaimg.cn/large/0023dm8Ygy1h0xi11bm3vj60hw0qjwlx02.jpg']",,
4754474113439452,LmR7teqL2,2626487651,酒泉发布,"【酒泉市疫情防控最新提醒（2022年4月3日12时）】一、新发生疫情情况2022年4月2日（0-24时）山西省大同市新发现1例新冠肺炎确诊病例；广西壮族自治区玉林市新发现1例新冠肺炎确诊病例；安徽省六安市新发现2例新冠肺炎无症状感染者；广东省揭阳市新发现2例新冠肺炎无症状感染者；湖北省武汉市新发现1例新冠肺炎无症状感染者；重庆市江北区新发现1例新冠肺炎无症状感染者；贵州省黔西南布依族苗族自治州新发现1例新冠肺炎无症状感染者。(以上数据来源：国家卫生健康委员会官网）二、新增病例情况2022年4月2日（0-24时）1.新增本土确诊病例1455例吉林956例，其中长春市723例、吉林市230例、四平市2例、白城市1例；上海438例，其中浦东新区107例、闵行区57例、徐汇区44例、普陀区38例、宝山区35例、虹口区31例、黄浦区27例、嘉定区27例、静安区25例、杨浦区19例、松江区8例、奉贤区8例、长宁区6例、青浦区3例、崇明区3例；浙江11例，其中杭州市2例、湖州市2例、金华市2例、宁波市1例、嘉兴市1例、绍兴市1例、衢州市1例、丽水市1例；福建8例，其中泉州市7例、厦门市1例；山东6例，其中济南市3例、青岛市1例、德州市1例、菏泽市1例；四川6例，其中成都市3例、遂宁市2例、德阳市1例；黑龙江5例，均在哈尔滨市；江苏5例，其中宿迁市3例、徐州市1例、苏州市1例；海南3例，均在三亚市；陕西3例，其中宝鸡市2例、西安市1例；辽宁2例，均在沈阳市；安徽2例，其中淮南市1例、淮北市1例；江西2例，其中南昌市1例、吉安市1例；广东2例，其中广州市1例、肇庆市1例；天津1例，在南开区；河北1例，在邯郸市；山西1例，在大同市；湖南1例，在衡阳市；广西1例，在玉林市；新疆1例，在乌鲁木齐市。2.新增本土无症状感染者11691例上海7788例，其中浦东新区1949例、徐汇区991例、闵行区765例、黄浦区631例、嘉定区587例、松江区565例、宝山区445例、普陀区351例、虹口区313例、静安区301例、杨浦区256例、青浦区221例、奉贤区150例、崇明区108例、长宁区94例、金山区61例；吉林3499例，其中长春市3100例、吉林市397例、白山市1例、白城市1例；安徽93例，其中淮南市61例、阜阳市14例、滁州市7例、马鞍山市3例、芜湖市2例、蚌埠市2例、六安市2例、安庆市1例、宣城市1例；辽宁43例，其中沈阳市33例、葫芦岛市4例、大连市3例、营口市3例；江苏42例，其中苏州市15例、南通市12例、宿迁市7例、镇江市3例、南京市1例、无锡市1例、徐州市1例、盐城市1例、泰州市1例；福建42例，其中泉州市40例、福州市1例、莆田市1例；江西38例，其中南昌市29例、抚州市6例、上饶市3例；河北35例，其中邯郸市22例、保定市13例；河南20例，其中周口市16例、郑州市2例、永城市2例；湖北18例，其中随州市14例、黄石市3例、武汉市1例；黑龙江12例，其中佳木斯市8例、哈尔滨市2例、伊春市1例、黑河市1例；浙江8例，其中嘉兴市4例、杭州市2例、宁波市1例、金华市1例；山东8例，其中临沂市3例、淄博市1例、枣庄市1例、德州市1例、聊城市1例、滨州市1例；广东8例，其中东莞市5例、揭阳市2例、深圳市1例；甘肃7例，均在兰州市；海南6例，其中三亚市5例、海口市1例；云南6例，其中昆明市2例、曲靖市2例、德宏傣族景颇族自治州2例；四川5例，其中成都市3例、乐山市2例；新疆4例，其中昌吉回族自治州2例、巴音郭楞蒙古自治州2例；天津3例，其中西青区2例、津南区1例；广西3例，其中桂林市2例、百色市1例；湖南1例，在长沙市；重庆1例，在江北区；贵州1例，在黔西南布依族苗族自治州。（以上数据来源：国家卫生健康委员会官网）三、全国中高风险区所在县（市、区、旗）1.有以下高风险区旅居史人员需集中隔离医学观察14天天津市河北区，北辰区，东丽区，西青区，静海区；河北省廊坊市安次区，唐山市高新技术开发区；辽宁省沈阳市辽中区，营口市鲅鱼圈区；吉林省长春市宽城区、绿园区、九台区，吉林市经开区、昌邑区；黑龙江省哈尔滨市五常市，佳木斯市汤原县；江苏省常州市天宁区；福建省莆田市仙游县，泉州市洛江区、鲤城区、丰泽区、石狮市、晋江市；山东省威海市经济技术开发区、威海火炬高技术产业开发区，滨州市博兴县、阳信县、惠民县、邹平市；甘肃省兰州市七里河区。2.有以下中风险区旅居史人员需居家健康监测14天北京市朝阳区；河北省唐山市路北区；内蒙古自治区赤峰市巴林左旗；辽宁省大连市金普新区、普兰店区，沈阳市大东区；吉林省长春市南关区、朝阳区、二道区、双阳区、农安县、榆树市、德惠市、公主岭市、净月区、汽开区、经开区、长春新区，吉林市龙潭区、船营区、丰满区、永吉县、磐石市；黑龙江省哈尔滨市南岗区、尚志市；上海市黄浦区，闵行区，嘉定区，浦东新区，崇明区；江苏省南京市秦淮区、栖霞区、江宁区，徐州市鼓楼区；安徽省芜湖市繁昌区，淮南市凤台县，铜陵市铜官区，阜阳市颍上县；福建省莆田市城厢区、涵江区，泉州市德化县，漳州市龙文区；江西省南昌市新建区；山东省威海市环翠区；河南省焦作市修武县，漯河市临颍县，周口市太康县；湖南省长沙市芙蓉区、天心区、岳麓区、雨花区，怀化市鹤城区，衡阳市衡东县；广东省肇庆市高要区，东莞市；广西壮族自治区钦州市钦南区；四川省乐山市犍为县；云南省德宏傣族景颇族自治州瑞丽市。3.单日新增50例以上确诊病例（含无症状感染者）的地区上海市浦东新区、闵行区、徐汇区、松江区、黄浦区、普陀区、嘉定区、静安区、奉贤区、杨浦区、青浦区、崇明区、虹口区、金山区、宝山区、长宁区；吉林省长春市、吉林市；安徽省淮南市。4.单日新增10-50例确诊病例（含无症状感染者）的地区安徽省阜阳市；辽宁省沈阳市；江苏省苏州市、南通市、宿迁市；福建省泉州市；江西省南昌市；河北省邯郸市、保定市；河南省周口市；湖北省随州市。5.对上述中高风险区以外的县（市、区、旗）来酒返酒人员须持48小时内核酸检测阴性证明，抵酒后24小时内进行一次核酸检测，之后每48小时开展一次核酸检测，连续检测3次。四、疫情防控提醒为精准落实“外防输入”疫情防控策略，有效阻断新冠肺炎疫情传播风险，特发布疫情防控提醒如下：（一）主动报备自2022年4月2日以来有安徽省六安市金安区旅居史的来酒返酒人员；自2022年4月1日以来有广东省揭阳市揭东区旅居史的来酒返酒人员；自2022年3月31日以来有重庆市江北区旅居史的来酒返酒人员；自2022年3月30日以来有湖北省武汉市旅居史的来酒返酒人员；自2022年3月29日以来有贵州省黔西南布依族苗族自治州兴义市旅居史的来酒返酒人员；自2022年3月31日以来有江西省吉安市吉州区、河南省永城市旅居史的来酒返酒人员；自2022年3月30日以来有湖北省黄石市阳新县、随州市旅居史的来酒返酒人员；自2022年3月29日以来有广东省惠州市惠阳区，云南省普洱市思茅区，四川省遂宁市旅居史的来酒返酒人员；自2022年3月28日以来有贵州省六盘水市钟山区，云南省曲靖市师宗县，重庆市云阳县，福建省宁德市蕉城区，湖南省衡阳市，山东省菏泽市、济宁市曲阜市,海南省琼海旅居史的来酒返酒人员；自2022年3月27日以来有河北省邢台市任泽区，四川省乐山市，贵州省贵阳市，黑龙江省伊春市伊美区旅居史的来酒返酒人员；自2022年3月26日以来有浙江省温州市瑞安市，湖北省孝感市大悟县，甘肃省甘南藏族自治州合作市旅居史的来酒返酒人员；自2022年3月25日以来有新疆维吾尔自治区乌鲁木齐市、昌吉市，重庆市南岸区，吉林省白山市浑江区旅居史的来酒返酒人员；自2022年3月24日以来有河南省信阳市息县，海南省海口市，四川省成都市新都区，山东省枣庄市台儿庄区，重庆市南岸区，广东省汕尾市陆丰市旅居史的来酒返酒人员；自2022年3月23日以来有江苏省镇江市扬中市，海南省万宁市，安徽省芜湖市繁昌区，合肥市蜀山区旅居史的来酒返酒人员；自2022年3月22日以来有辽宁省铁岭市开原市、西丰县，葫芦岛市建昌县旅居史的来酒返酒人员；自2022年3月21日以来有云南省文山壮族苗族自治州麻栗坡县，山东省泰安市，江西省抚州市东乡区旅居史的来酒返酒人员；自2022年3月20日以来有河南省驻马店市泌阳县、黑龙江省大庆市龙凤区、肇源县，安徽省淮北市，山东省济南市章丘区，莱芜区旅居史的来酒返酒人员；自2022年3月18日以来有江苏省泰州市靖江市，安徽省安庆市宿松县，甘肃省临夏回族自治州广河县旅居史的来酒返酒人员。自2022年3月20日以来有以下地区旅居史的来酒返酒人员：辽宁省辽阳市灯塔市，沈阳市，营口市、盘锦市，朝阳市北票市，鞍山市；湖南省长沙市芙蓉区，怀化市鹤城区，邵阳市新宁县，永州市，益阳市南县；江苏省盐城市，无锡市，南京市江宁区，南通市，苏州市，扬州市，宿迁市，泰州市靖江市；福建省漳州市龙文区,福州市仓山区，厦门市，莆田市仙游县,漳州市，泉州市丰泽区，南平市建阳区；河南省焦作市修武县,周口市太康县，洛阳市孟津区，漯河市，郑州市，商丘市宁陵县；广东省珠海市，茂名市茂南区，中山市,深圳市、东莞市；浙江省宁波市前湾新区,湖州市德清县、吴兴区，衢州市衢江区、柯城区，嘉兴市海宁市,嘉兴市平湖市，杭州市，舟山市嵊泗县，绍兴市；江西省南昌市，九江市瑞昌市，上饶市，赣州市章贡区；安徽省滁州市,马鞍山市当涂县，宿州市泗县,铜陵市，安庆市宿松县，合肥市长丰县；山东省聊城市，潍坊市，青岛市、临沂市蒙阴县，威海市，滨州市，德州市禹城市；河北省秦皇岛市，唐山市，沧州市，廊坊市安次区，石家庄市长安区；黑龙江省黑河市爱辉区，哈尔滨市道外区；甘肃省天水市秦州区，兰州市，兰州新区，白银市白银区、景泰县，临夏回族自治州广河县，陇南市康县；吉林省辽源市西安区，松原市,四平市伊通县，白城市，长春市、吉林市、延边朝鲜族自治州；陕西省铜川市；贵州省黔东南苗族侗族自治州三穗县；重庆市永川区、沙坪坝区；广西壮族自治区；内蒙古自治区通辽市科左后旗，呼和浩特市；北京市朝阳区、东城区；天津市；上海市；海南省三亚市崖州区；自2022年3月19日以来有山东省枣庄市薛城区，黑龙江省佳木斯市、鹤岗市，广东省肇庆市，安徽省淮南市凤台县，陕西省安康市紫阳县，江苏省徐州市睢宁县，新疆维吾尔自治区巴音郭楞蒙古自治州和硕县旅居史的来酒返酒人员；自2022年3月17日以来有江西省婺源县旅居史的来酒返酒人员；自2022年3月14日以来有甘肃省定西市渭源县旅居史的来酒返酒人员；近14天内有已公布中高风险区县（市、区、旗）旅居史来酒返酒人员，特别是单日新增10例以上确诊病例（含无症状感染者）的地区来酒返酒人员，各疫情发生地已公布的阳性感染者活动轨迹有交集的人员，接到各地疾控中心电话告知的密切接触者等风险人员，发现自己的健康码转为红码或黄码人员，在做好个人防护的前提下，第一时间向所在社区（村组）、工作单位、居住的宾馆报备，配合做好疫情排查、核酸检测、医学观察等防控措施。（二）防疫提醒1.提醒广大市民要密切关注疫情信息动态和中高风险区变化，近期不要前往疫情风险地区，特别是单日新增10例以上确诊病例（含无症状感染者）的地区，如必须前往，务必提前向所在社区（村组）、单位报备，并注意个人防护。返酒后，配合落实相应管控措施。2.广大市民要坚持养成戴口罩、勤洗手、常通风、少聚集、“一米线”等卫生习惯，进入公共场所配合扫“场所码”、测体温、戴口罩等防控措施。3.一旦出现发热、干咳、乏力、嗅觉味觉减退、鼻塞、流涕、咽痛、结膜炎、肌痛和腹泻等不适症状，请勿自行服药，需佩戴口罩尽快到就近的发热门诊排查和就诊，就诊过程中避免乘坐公共交通工具，并主动告知旅居史、接触史。4.请广大市民积极就近接种新冠疫苗。酒泉市新冠肺炎疫情联防联控领导小组办公室2022年4月3日#战胜疫情酒泉在行",,,,战胜疫情酒泉在行动,0,0,0,2022-04-04 10:13,360安全浏览器,,,
4754473740927250,LmR6S3TdE,1517949573,扑通不闲聊,清明假期第一天退了回湖北的票结果马上湖北/北京都有疫情了喊朋友来家里吃饭吃完了打游戏吃冰棍儿～然后一起去奥莱购物买了三双鞋子椰子鸡用清远鸡真的好吃很多呢～,,,,,0,5,1,2022-04-04 10:12,iPhone客户端,"['https://wx2.sinaimg.cn/large/5a7a1285ly1h0xgtrnv7aj20u00u07cm.jpg', 'https://wx4.sinaimg.cn/large/5a7a1285ly1h0xgtrtsbjj20u0140q60.jpg', 'https://wx1.sinaimg.cn/large/5a7a1285ly1h0xgtryytrj20u0140tcg.jpg', 'https://wx1.sinaimg.cn/large/5a7a1285ly1h0xgvl3bvwj20u00u0n3q.jpg']",,
4754472319060071,LmR4zC0Wb,1750353780,襄阳交通广播,【湖北健康码功能更新：这几类人员将收到弹窗！】当前疫情防控形势严峻，清明假期人员流动性增加好为进一步做好疫情防控工作，湖北健康码进行了功能升级，这几类人员通过鄂汇办APP、支付宝打开湖北健康码将收到弹窗提醒O湖北健康码功能更新：这几类人员将收到弹窗！,,襄阳,,,0,0,0,2022-04-04 10:06,iPhone客户端,['https://wx1.sinaimg.cn/large/68544774gy1h0xgppb4nlj20u01jxtfu.jpg'],,
4754472251953270,LmR4t8c8m,1931704477,FM104襄阳之声,【刚刚发布！4月3日湖北省新冠肺炎疫情情况】4月3日0-24时，全省新增本土确诊病例0例，新增本土无症状感染者9例（其中1例为武汉市报告继发无症状感染者，1例为黄石市报告外省来鄂人员，1例为黄石市报告继发无症状感染者，2例为荆州市报告外省来鄂人员，4例为随州市本土无症状感染者），新增境外输入确诊病例0例，新增境外输入无症状感染者0例，新增疑似病例0例，新增死亡病例0例，当日出院病例1例（为十堰市确诊病例），当日解除无症状感染者医学观察2例（均为境外输入无症状感染者）。截至4月3日24时，在定点医疗机构治疗的本土确诊病例0例；疑似病例0例。尚在集中隔离医学观察的本土无症状感染者52例（其中武汉市4例，孝感市5例，黄冈市3例，黄石市10例，鄂州市2例，襄阳市1例，随州市24例，咸宁市1例，荆州市2例）。在定点医疗机构治疗的境外输入确诊病例4例，均为轻型；尚在集中隔离医学观察的境外输入无症状感染者7例。全省累计治愈出院63875例，累计病亡4512例，累计报告新冠肺炎确诊病例68391例。尚在集中隔离医学观察的密切接触者2079,,襄阳,,,0,0,2,2022-04-04 10:06,iPhone客户端,['https://wx1.sinaimg.cn/large/7323789dgy1h0xgpgbxsrj20fs08amxb.jpg'],,
4754471059457044,LmR2xDGcY,1931704477,FM104襄阳之声,【湖北健康码功能更新：这几类人员将收到弹窗！】当前疫情防控形势严峻，清明假期人员流动性增加，为进一步做好疫情防控工作，湖北健康码进行了功能升级，这几类人员通过鄂汇办APP、支付宝，打开湖北健康码将收到弹窗提醒。O湖北健康码功能更新：这几类人员将收到弹窗！,,襄阳,,,0,0,0,2022-04-04 10:01,iPhone客户端,['https://wx4.sinaimg.cn/large/7323789dgy1h0xgkev0t7j20fs08amxb.jpg'],,
4754470758514720,LmR23zJ4c,6252858055,我走路带风199707,#湖北疫情#我就想知道湖北农教考试延期吗,,黄冈,,湖北疫情,0,0,1,2022-04-04 10:00,HUAWEI Mate 40 Pro,,,
4754468107455448,LmQXMvhva,7040876957,研途漫漫-开心冲浪版,#上海新增本土确诊425例无症状8581例#要不，把应勇书记调回来当上海市委书记？应勇书记带领湖北人民战胜了疫情，相信他回上海的话也可以做的非常好！,,,,上海新增本土确诊425例无症状8581例,0,14,32,2022-04-04 09:49,HUAWEI P30 Pro,,,
4754467868901694,LmQXoBlJI,2245078811,白驹dada,吐槽归吐槽，大家也千万不要被五百万带偏了，都是中国人，苦的都是老百姓，经历过湖北的疫情，深知有多疼，大白辛苦了，#上海加油#💪,,,,上海加油,0,0,35,2022-04-04 09:48,HarmonyOS设备,,,
4754467578450774,LmQWVzsqO,1402977920,光明日报,#疫情阻击动态#【#湖北援沪第一批1200余位医务人员已投入工作#】4月3日，湖北援沪第一批1000余人方舱医疗队和200余人核酸检测队在武汉集结，由湖北省卫生健康委带队乘专列从武汉站出发前往上海支援。有的医务人员在火车上复习操练，反复观看防护服的穿脱视频，院感专家再次进行强化培训。一到达上海，他们顾不上旅途辛苦，立即开展培训、演练。4日一早，医务人员便投入紧张的工作之中。（光明日报全媒体记者张锐夏静通讯员王潇,,,,"疫情阻击动态,湖北援沪第一批1200余位医务人员已投入工作",4,7,33,2022-04-04 09:47,微博 weibo.com,"['https://wx1.sinaimg.cn/large/001wWKE8ly1h0xg5vj3c9j61410u077y02.jpg', 'https://wx1.sinaimg.cn/large/001wWKE8ly1h0xg5vgy9tj61400u0ae002.jpg', 'https://wx1.sinaimg.cn/large/001wWKE8ly1h0xg5yhmadj622u0u0qle02.jpg', 'https://wx1.sinaimg.cn/large/001wWKE8ly1h0xg5y2o00j61400u0dn902.jpg', 'https://wx2.sinaimg.cn/large/001wWKE8ly1h0xg5wo90mj61410u00zr02.jpg', 'https://wx2.sinaimg.cn/large/001wWKE8ly1h0xg5wk62kj61400u0teq02.jpg']",,
4754467377120335,LmQWBtSk7,7745486008,鱼沈雁天涯路,一周过去了，立顿再不发货我要花火了🔥真的要花火了🔥开玩笑的啦，上海现在疫情这么严重，大家都被影响生活，而我只是不能喝茶，这不是什么大事。之前湖北疫情两三个月没有办法网购，也过去了，当下就是活着就好。,,,,,0,0,0,2022-04-04 09:46,,,,
4754467037648597,LmQW3w5Kt,5604006570,政务江陵,【我省强化高速公路出口疫情防控排查！来荆返荆最新政策！】4月2日，湖北日报全媒记者从省疫情防控指挥部获悉，针对国内点多、面广、频发的复杂严峻疫情形势和清明假期车流人流增加情况，近期全省已部署强化高速公路出口疫情防控排查，将防控关口前移，坚决落实来（返）鄂车辆“逢车必查、逢人必检”，做到疫情防控、通行保畅、交通安全三不误。O网页,,,,,0,0,0,2022-04-04 09:45,新版微博 weibo.com,,,
4754466245707621,LmQUMnWOp,7747704848,太太太太太好吃了,#湖北教招#会因为疫情推迟吗,,,,湖北教招,0,2,0,2022-04-04 09:42,iPhone客户端,,,
4754466198786411,LmQUHARKj,1395471427,小王子Yuko,2年前那场疫情之后，武汉人民的口罩就没有取过了，感觉武汉是戴口罩戴得最好的城市了～在各省疫情都此起彼伏的时候武汉甚至整个湖北倒像是一片安全岛～,,,,,0,2,0,2022-04-04 09:42,iPhone客户端,"['https://wx1.sinaimg.cn/large/532d3443gy1h0xg048atoj20u01407az.jpg', 'https://wx2.sinaimg.cn/large/532d3443gy1h0xg05ld0dj21400u0ajk.jpg', 'https://wx1.sinaimg.cn/large/532d3443gy1h0xg06j0tzj20u0140agf.jpg']",,
4754465623903327,LmQTMgnqT,2000016880,楚天交通广播,#湖北疫情防控#【严惩！4名男子高速翻越围栏躲避集中隔离】4月2日8:30许，4名人员在途经武英高速溢流河路段时，翻越围栏进入团风。获得情况后，团风警方会同疫情防控指挥部，迅速采取相应的应急处置措施，及时将4人查获。经调查，4月1日晚吴某某、陈某、熊某及陈某某等4名上海返团务工人员，乘私车从上海浦东区返团，在途经武英高速团风县但店镇溢流河路段时，为逃避隔离，翻越围栏进入团风辖区。目前，4人已被集中隔离，核酸检测结果均为阴性，等待他们的将是法律的严惩。L楚天交通广播的微博,,,,湖北疫情防控,0,0,3,2022-04-04 09:40,微博视频号,,,
